{
    "root_group": {
        "name": "",
        "path": "",
        "id": "d41d8cd98f00b204e9800998ecf8427e",
        "groups": {},
        "checks": {}
    },
    "metrics": {
        "http_req_duration": {
            "avg": 147.57645111111114,
            "min": 129.2771,
            "med": 136.0645,
            "max": 263.2846,
            "p(90)": 167.8178,
            "p(95)": 255.588545
        },
        "http_req_tls_handshaking": {
            "p(90)": 176.49663,
            "p(95)": 178.438235,
            "avg": 19.877857777777777,
            "min": 0,
            "med": 0,
            "max": 181.1153
        },
        "http_req_receiving": {
            "med": 0.29,
            "max": 132.3273,
            "p(90)": 2.5461600000000084,
            "p(95)": 123.963195,
            "avg": 8.910828888888888,
            "min": 0
        },
        "data_received": {
            "count": 1090388,
            "rate": 99977.96682884535
        },
        "http_req_sending": {
            "avg": 0.040170000000000004,
            "min": 0,
            "med": 0,
            "max": 0.9973,
            "p(90)": 0,
            "p(95)": 0.4395549999999996
        },
        "vus_max": {
            "value": 10,
            "min": 10,
            "max": 10
        },
        "http_req_waiting": {
            "p(90)": 154.3144,
            "p(95)": 161.69589,
            "avg": 138.62545222222218,
            "min": 127.246,
            "med": 135.06745,
            "max": 228.0647
        },
        "iterations": {
            "count": 90,
            "rate": 8.252124027957096
        },
        "http_reqs": {
            "rate": 8.252124027957096,
            "count": 90
        },
        "http_req_blocked": {
            "avg": 35.637102222222225,
            "min": 0,
            "med": 0,
            "max": 322.0079,
            "p(90)": 318.20921000000004,
            "p(95)": 320.4962
        },
        "http_req_duration{expected_response:true}": {
            "avg": 147.57645111111114,
            "min": 129.2771,
            "med": 136.0645,
            "max": 263.2846,
            "p(90)": 167.8178,
            "p(95)": 255.588545
        },
        "data_sent": {
            "count": 12260,
            "rate": 1124.122673141711
        },
        "iteration_duration": {
            "avg": 1189.7441322222223,
            "min": 1134.1572,
            "med": 1141.2672,
            "max": 1508.1261,
            "p(90)": 1462.7213800000002,
            "p(95)": 1492.122635
        },
        "vus": {
            "max": 10,
            "value": 10,
            "min": 10
        },
        "http_req_connecting": {
            "p(90)": 127.19716000000001,
            "p(95)": 129.94212,
            "avg": 14.434020000000002,
            "min": 0,
            "med": 0,
            "max": 132.2713
        },
        "http_req_failed": {
            "passes": 0,
            "fails": 90,
            "value": 0
        }
    }
}